{
    "num_ions": 1000,
    "bin_x": [
        500.0,
        1500.0,
        2500.0,
        3500.0,
        4500.0,
        5500.0,
        6500.0,
        7500.0,
        8500.0,
        9500.0,
        10500.0,
        11500.0,
        12500.0,
        13500.0,
        14500.0,
        15500.0,
        16500.0,
        17500.0,
        18500.0,
        19500.0,
        20500.0,
        21500.0,
        22500.0,
        23500.0,
        24500.0,
        25500.0,
        26500.0,
        27500.0,
        28500.0,
        29500.0,
        30500.0,
        31500.0,
        32500.0,
        33500.0,
        34500.0,
        35500.0,
        36500.0,
        37500.0,
        38500.0,
        39500.0,
        40500.0,
        41500.0,
        42500.0,
        43500.0,
        44500.0,
        45500.0,
        46500.0,
        47500.0,
        48500.0,
        49500.0,
        50500.0,
        51500.0,
        52500.0,
        53500.0,
        54500.0,
        55500.0,
        56500.0,
        57500.0,
        58500.0,
        59500.0,
        60500.0,
        61500.0,
        62500.0,
        63500.0,
        64500.0,
        65500.0,
        66500.0,
        67500.0,
        68500.0,
        69500.0,
        70500.0,
        71500.0,
        72500.0,
        73500.0,
        74500.0,
        75500.0,
        76500.0,
        77500.0,
        78500.0,
        79500.0,
        80500.0,
        81500.0,
        82500.0,
        83500.0,
        84500.0,
        85500.0,
        86500.0,
        87500.0,
        88500.0,
        89500.0
    ],
    "nuke": [
        8953346.416835409,
        22491221.082163177,
        53218192.40780652,
        18423984.036725156,
        12626625.149916481,
        15427681.142180903,
        9589904.647374325,
        14549042.605126115,
        11665100.837619018,
        12876585.694447955,
        14645746.584626483,
        23306965.477098994,
        16249935.056671415,
        18397259.717516974,
        31942499.153724093,
        15842533.54603454,
        13666010.83406901,
        14697312.845603913,
        17516114.64498814,
        20717209.36007794,
        24263409.115169603,
        19464689.959388927,
        16633896.391248625,
        14978908.384486375,
        27094011.997299746,
        17059655.05172324,
        16775871.14920162,
        37266765.05745731,
        34547536.808371805,
        38039872.8946934,
        25153808.61528251,
        24345615.816061422,
        22525579.58863438,
        60949573.38657856,
        22799118.81496383,
        24576419.448230505,
        52262567.76298924,
        34390890.496846355,
        22581494.994643804,
        28822011.96140804,
        26885094.997177128,
        28356293.227332953,
        30891897.25926082,
        35067248.648404166,
        48839221.70974517,
        49258239.03710058,
        44800235.91735758,
        47008529.43391832,
        52170085.19735471,
        67261278.11037116,
        43780462.926024936,
        58039999.184586756,
        75000928.98709878,
        45263819.477333665,
        68970068.19890083,
        57398185.52215428,
        72214286.7556763,
        72374235.45908089,
        63825825.30055019,
        95025103.04495974,
        90943204.18551208,
        81528249.34459396,
        98055136.42835164,
        95976891.20751695,
        104673704.15740608,
        105368291.8424439,
        120961149.909219,
        120829689.16762544,
        120756966.57374269,
        129788490.40459652,
        172248366.527605,
        166997093.37628993,
        170407808.30012146,
        173668202.20784244,
        166311860.5094311,
        177125242.58528227,
        164609520.3480327,
        157659490.722387,
        149103417.79224908,
        109276122.4931077,
        88300011.52581304,
        61637199.630221896,
        28064007.578833282,
        8050648.352046876,
        4856080.739404141,
        784863.5602712745,
        0.0,
        0.0,
        0.0,
        0.0
    ],
    "elec": [
        1948460475.365567,
        1936627822.4956505,
        1921990073.0204558,
        1907371016.8601537,
        1892417576.86367,
        1877125351.057499,
        1861918007.396469,
        1846319778.2740128,
        1830749233.2896466,
        1814813684.44843,
        1798750621.042647,
        1783062880.543996,
        1766692011.7428255,
        1750388191.4218473,
        1734060797.4415195,
        1717918046.450556,
        1700623399.5975828,
        1683525285.1697984,
        1666132747.881665,
        1648609130.3786716,
        1630796268.420713,
        1613194237.255704,
        1595179612.7711647,
        1576898613.839803,
        1558729331.8246849,
        1540517810.3355768,
        1521808859.1153333,
        1503166098.9367423,
        1485680022.2730203,
        1470217831.317608,
        1450015049.859889,
        1430217706.8713622,
        1411362293.8515556,
        1394265743.2719042,
        1370555027.3602307,
        1353020773.8180788,
        1330738112.7734087,
        1306565572.454553,
        1286013614.905584,
        1266389454.8259118,
        1246355763.2027376,
        1224902429.2449858,
        1204935071.564787,
        1182617025.7002769,
        1163253075.468286,
        1143346810.2341435,
        1122790142.8515453,
        1102395208.1975708,
        1080602590.2847073,
        1062285516.5218911,
        1035113809.137873,
        1013883714.6459222,
        995852548.2353275,
        967161146.271598,
        941645448.8940859,
        919199714.9753821,
        899013308.4356474,
        884425323.9248137,
        862849009.702681,
        843463226.5135459,
        813461019.4868283,
        783535227.964491,
        761168187.2892091,
        736976889.0757132,
        707972160.472003,
        689322705.1122777,
        648318809.0275701,
        619802680.8338623,
        594362158.9517583,
        572393238.6586118,
        543203579.4518764,
        485748420.9230192,
        449379862.3040965,
        401323797.11732805,
        359662095.25057673,
        306738807.85484165,
        258323177.96621794,
        210753842.33838627,
        155228550.57912317,
        106845279.43645705,
        70940729.31395131,
        40648225.658565074,
        15839005.730201093,
        5042790.426732302,
        1981842.065731277,
        299773.9692590074,
        0.0,
        0.0,
        0.0,
        0.0
    ]
}