{
    "num_ions": 2000,
    "bin_x": [
        500.0,
        1500.0,
        2500.0,
        3500.0,
        4500.0,
        5500.0,
        6500.0,
        7500.0,
        8500.0,
        9500.0,
        10500.0,
        11500.0,
        12500.0,
        13500.0,
        14500.0,
        15500.0,
        16500.0,
        17500.0,
        18500.0,
        19500.0,
        20500.0,
        21500.0,
        22500.0,
        23500.0,
        24500.0,
        25500.0,
        26500.0,
        27500.0,
        28500.0,
        29500.0,
        30500.0,
        31500.0,
        32500.0,
        33500.0,
        34500.0,
        35500.0,
        36500.0,
        37500.0,
        38500.0,
        39500.0,
        40500.0,
        41500.0,
        42500.0,
        43500.0,
        44500.0,
        45500.0,
        46500.0,
        47500.0,
        48500.0,
        49500.0,
        50500.0,
        51500.0,
        52500.0,
        53500.0,
        54500.0,
        55500.0,
        56500.0,
        57500.0,
        58500.0,
        59500.0,
        60500.0,
        61500.0,
        62500.0,
        63500.0,
        64500.0,
        65500.0,
        66500.0,
        67500.0,
        68500.0,
        69500.0,
        70500.0,
        71500.0,
        72500.0,
        73500.0,
        74500.0,
        75500.0,
        76500.0,
        77500.0,
        78500.0,
        79500.0,
        80500.0,
        81500.0,
        82500.0,
        83500.0,
        84500.0,
        85500.0,
        86500.0,
        87500.0,
        88500.0,
        89500.0
    ],
    "nuke": [
        28200027.5177229,
        36521168.52074489,
        72244475.80442657,
        31683966.091948334,
        24750307.707967173,
        27611343.043736145,
        22113145.350677714,
        28597489.74484674,
        26283956.32839974,
        32636487.814167563,
        31147193.309239477,
        34621230.09454672,
        29915043.37583759,
        53246674.13610854,
        42885675.89574214,
        52186542.86653733,
        37431319.70375575,
        30199551.84742945,
        31465508.51905616,
        34027355.91259248,
        43044204.029340476,
        39139493.302540116,
        41323655.72979236,
        32819783.839957833,
        47651347.503290646,
        35839328.63151987,
        38316839.00595444,
        60837165.73221332,
        64398139.59868501,
        61981023.64149096,
        71406621.9101718,
        39651388.62714644,
        50185442.88106134,
        93542959.5062532,
        53212997.82638113,
        73687610.09640971,
        96197687.89536065,
        66368751.272495225,
        51690404.19703226,
        115479623.6938956,
        52460884.57263448,
        85583855.86846325,
        86493295.97896557,
        67006524.54976776,
        96866250.24092445,
        76947462.23874876,
        79712297.44870198,
        94032775.52910854,
        99193932.41449164,
        125904339.55487922,
        92111032.06082912,
        115027317.96324933,
        117827726.78285858,
        93414261.58776195,
        128309962.67691712,
        125463900.4575197,
        151141134.26125875,
        128246372.51386213,
        136011268.4869381,
        159030136.31169662,
        188213955.68326128,
        174378691.85117918,
        180295100.0803135,
        196887916.2254254,
        219673623.9949256,
        199527315.20555365,
        253660917.88602716,
        237307396.93284318,
        258050063.3060904,
        286573058.8722371,
        319090528.52908814,
        346774426.3524214,
        354922571.47606176,
        344180964.662844,
        353268848.66437995,
        344121379.93501425,
        320913840.2194992,
        306479320.1825365,
        284630646.0211429,
        210980628.17516068,
        173221291.2133836,
        118914999.1713426,
        60667742.69623606,
        24611041.988160495,
        8568509.616809208,
        1533664.958370708,
        0.0,
        0.0,
        0.0,
        0.0
    ],
    "elec": [
        3897023997.7704325,
        3873231396.0745296,
        3844113874.020007,
        3814465916.629527,
        3784579877.0751595,
        3754103247.2345705,
        3723221289.51039,
        3692452215.324143,
        3661072777.566856,
        3629392517.8312325,
        3597448214.6208477,
        3565515485.509038,
        3532935036.7299724,
        3500276550.7981234,
        3467751824.061762,
        3435316054.362242,
        3401505479.153427,
        3367261633.173259,
        3332426359.1161904,
        3297520463.007945,
        3261769440.069799,
        3226503307.3969893,
        3190723134.049855,
        3154167159.602492,
        3117947354.356372,
        3081700035.9958425,
        3044484324.510464,
        3007260466.2467737,
        2971002574.7895355,
        2936965223.86453,
        2900731589.567449,
        2862674464.389121,
        2821308705.5036592,
        2784140097.54016,
        2740945879.831927,
        2704052029.196594,
        2661226091.6046987,
        2616734989.5897684,
        2575882793.9671373,
        2535749244.8557267,
        2495444950.9767475,
        2455721810.250882,
        2413453408.3119116,
        2364657751.643105,
        2325771230.2644434,
        2281675586.5330853,
        2239503590.1265697,
        2198547982.785868,
        2154768871.7621613,
        2115296521.0403452,
        2068964340.8195586,
        2029863308.0637271,
        1995837072.2639792,
        1933599870.782232,
        1888123480.8025246,
        1845092024.2177353,
        1805776185.1273797,
        1759134146.9910617,
        1719086519.0194309,
        1665376778.6870391,
        1616290603.6462178,
        1568723239.8469417,
        1511606921.004039,
        1466796990.9875588,
        1417620000.2932522,
        1376355786.387447,
        1310672838.5758452,
        1253497238.415867,
        1200727986.2926602,
        1149733034.1518154,
        1083069958.2046418,
        986265848.3216236,
        909561671.1398488,
        802218263.276436,
        715619809.6416522,
        609715079.846279,
        509007713.5271353,
        415775929.2045735,
        315898738.5598741,
        212656401.95913577,
        143621953.3380188,
        83653370.11842822,
        37801867.30731637,
        13169293.601998439,
        3192085.4625121756,
        691962.6760005744,
        0.0,
        0.0,
        0.0,
        0.0
    ]
}