{
    "num_ions": 1000,
    "bin_x": [
        500.0,
        1500.0,
        2500.0,
        3500.0,
        4500.0,
        5500.0,
        6500.0,
        7500.0,
        8500.0,
        9500.0,
        10500.0,
        11500.0,
        12500.0,
        13500.0,
        14500.0,
        15500.0,
        16500.0,
        17500.0,
        18500.0,
        19500.0,
        20500.0,
        21500.0,
        22500.0,
        23500.0,
        24500.0,
        25500.0,
        26500.0,
        27500.0,
        28500.0,
        29500.0,
        30500.0,
        31500.0,
        32500.0,
        33500.0,
        34500.0,
        35500.0,
        36500.0,
        37500.0,
        38500.0,
        39500.0,
        40500.0,
        41500.0,
        42500.0,
        43500.0,
        44500.0,
        45500.0,
        46500.0,
        47500.0,
        48500.0,
        49500.0,
        50500.0,
        51500.0,
        52500.0,
        53500.0,
        54500.0,
        55500.0,
        56500.0,
        57500.0,
        58500.0,
        59500.0,
        60500.0,
        61500.0,
        62500.0,
        63500.0,
        64500.0,
        65500.0,
        66500.0,
        67500.0,
        68500.0,
        69500.0,
        70500.0,
        71500.0,
        72500.0,
        73500.0,
        74500.0,
        75500.0,
        76500.0,
        77500.0,
        78500.0,
        79500.0,
        80500.0,
        81500.0,
        82500.0,
        83500.0,
        84500.0,
        85500.0,
        86500.0,
        87500.0,
        88500.0,
        89500.0
    ],
    "nuke": [
        52583302.46231255,
        37289742.426122084,
        56631986.90729384,
        56105770.908100575,
        32157940.453400154,
        34821347.68306536,
        43986825.40125019,
        38852800.435250595,
        33168984.171773568,
        31691962.308465037,
        64523599.27621138,
        61066141.44292965,
        63915292.66296867,
        69590320.69613618,
        44432935.98320507,
        46711236.29477709,
        49977692.91768317,
        64721972.28184969,
        50047900.689026766,
        89827586.49114949,
        105126170.58087179,
        96221831.39127684,
        79576059.43087254,
        78083398.96059635,
        84829183.08310561,
        88383682.64875092,
        84995758.34874085,
        81366210.45966062,
        104791012.26490724,
        130935325.2159431,
        107772281.54194514,
        109431759.09993632,
        101173645.40513131,
        100345400.23230398,
        107407965.12742639,
        135929258.99688727,
        108289491.17118028,
        124661722.98789777,
        157365064.56559363,
        162996187.84981146,
        168280963.74715626,
        179189657.05828688,
        162579868.31890205,
        213958377.0836798,
        222518574.55264387,
        208423844.3902402,
        226478243.61930308,
        295059847.01800823,
        260086045.35270822,
        281312808.6589113,
        290149956.43108815,
        250754445.07057422,
        280920742.9134639,
        258192817.3100521,
        254425268.44299957,
        208920420.1628016,
        179963804.70682946,
        141707787.3970325,
        113882747.82785018,
        62241631.27296949,
        29697412.535151005,
        10732584.679620462,
        2498767.185494924,
        0.0,
        0.0,
        0.0,
        0.0,
        0.0,
        0.0,
        0.0,
        0.0,
        0.0,
        0.0,
        0.0,
        0.0,
        0.0,
        0.0,
        0.0,
        0.0,
        0.0,
        0.0,
        0.0,
        0.0,
        0.0,
        0.0,
        0.0,
        0.0,
        0.0,
        0.0,
        0.0
    ],
    "elec": [
        1894448186.7318082,
        1874655087.6616378,
        1852509115.585095,
        1829624959.0653374,
        1807046112.2704844,
        1784037086.4322824,
        1761146622.1240804,
        1737806212.5064101,
        1714369727.5186236,
        1690979466.0304103,
        1667304405.4577374,
        1643850663.8314252,
        1620344637.2156916,
        1597303832.0615733,
        1573395189.8514938,
        1549233197.6642578,
        1525284314.1800928,
        1500846304.2217116,
        1476040222.6896942,
        1452715458.1983845,
        1432325872.296858,
        1402745630.017131,
        1380208390.247363,
        1355928477.2272751,
        1329326411.4866052,
        1303215022.5981019,
        1277787350.5434177,
        1253439741.226508,
        1232781325.0853555,
        1198488352.988883,
        1170241433.5376718,
        1148223849.6772177,
        1124221785.9996316,
        1094634940.2311547,
        1063876805.5809724,
        1037056776.3178961,
        1009382388.5538869,
        982702881.4752249,
        953840960.5446726,
        927223266.5100081,
        892837179.6622154,
        861679429.8191509,
        830483687.2473466,
        802011132.3167087,
        767171531.3725387,
        725016678.9236627,
        699249215.9948583,
        658153030.6565635,
        602463759.5573775,
        554242581.1801149,
        494709016.79968405,
        444595876.15600157,
        387512834.61288667,
        326152974.1752196,
        278356806.33024824,
        210368822.1236743,
        148484203.4946473,
        101025598.69640309,
        62205543.14973325,
        32563852.093065813,
        11868081.299606,
        3767651.538711625,
        724356.0382825246,
        0.0,
        0.0,
        0.0,
        0.0,
        0.0,
        0.0,
        0.0,
        0.0,
        0.0,
        0.0,
        0.0,
        0.0,
        0.0,
        0.0,
        0.0,
        0.0,
        0.0,
        0.0,
        0.0,
        0.0,
        0.0,
        0.0,
        0.0,
        0.0,
        0.0,
        0.0,
        0.0
    ]
}