{
    "num_ions": 2000,
    "bin_x": [
        500.0,
        1500.0,
        2500.0,
        3500.0,
        4500.0,
        5500.0,
        6500.0,
        7500.0,
        8500.0,
        9500.0,
        10500.0,
        11500.0,
        12500.0,
        13500.0,
        14500.0,
        15500.0,
        16500.0,
        17500.0,
        18500.0,
        19500.0,
        20500.0,
        21500.0,
        22500.0,
        23500.0,
        24500.0,
        25500.0,
        26500.0,
        27500.0,
        28500.0,
        29500.0,
        30500.0,
        31500.0,
        32500.0,
        33500.0,
        34500.0,
        35500.0,
        36500.0,
        37500.0,
        38500.0,
        39500.0,
        40500.0,
        41500.0,
        42500.0,
        43500.0,
        44500.0,
        45500.0,
        46500.0,
        47500.0,
        48500.0,
        49500.0,
        50500.0,
        51500.0,
        52500.0,
        53500.0,
        54500.0,
        55500.0,
        56500.0,
        57500.0,
        58500.0,
        59500.0,
        60500.0,
        61500.0,
        62500.0,
        63500.0,
        64500.0,
        65500.0,
        66500.0,
        67500.0,
        68500.0,
        69500.0,
        70500.0,
        71500.0,
        72500.0,
        73500.0,
        74500.0,
        75500.0,
        76500.0,
        77500.0,
        78500.0,
        79500.0,
        80500.0,
        81500.0,
        82500.0,
        83500.0,
        84500.0,
        85500.0,
        86500.0,
        87500.0,
        88500.0,
        89500.0
    ],
    "nuke": [
        103171354.98711842,
        117522480.2956121,
        98423807.90486364,
        85324391.09765157,
        111939540.76790674,
        71457636.57086639,
        130019506.26707272,
        116722020.25632858,
        83758725.07653324,
        115772671.84795193,
        137891468.05880734,
        115423562.17844066,
        134174321.98767398,
        132339706.40575244,
        127976532.65970315,
        111945852.62093285,
        99205951.12885621,
        122212132.42480741,
        125930895.8136721,
        167469682.94119635,
        182276264.26793066,
        178731843.75356603,
        131072795.28825517,
        187660451.19115868,
        164406246.6806743,
        168785348.10336068,
        219670562.57337517,
        178361663.92816684,
        188610594.79525837,
        240083293.53941715,
        218358646.49677622,
        195738475.6109008,
        212143966.52196547,
        216958532.3693064,
        271969629.479738,
        249327814.2747697,
        247853632.51984945,
        246713724.018213,
        314964946.0773559,
        300849236.0650336,
        323324437.3626724,
        350657126.2989063,
        337556196.72439975,
        430928984.2395566,
        448229740.61427903,
        436737794.2563867,
        466153820.6691648,
        546500337.0637909,
        529455254.1547184,
        542712876.9559156,
        574721056.0542071,
        523895982.07595164,
        557945215.9753346,
        567791662.1076424,
        483300661.5458279,
        419732758.5045835,
        361960386.47844976,
        286535073.90692306,
        212123382.90745285,
        102865073.90564536,
        56274301.192439,
        23136982.999212656,
        4879384.27372979,
        0.0,
        0.0,
        0.0,
        0.0,
        0.0,
        0.0,
        0.0,
        0.0,
        0.0,
        0.0,
        0.0,
        0.0,
        0.0,
        0.0,
        0.0,
        0.0,
        0.0,
        0.0,
        0.0,
        0.0,
        0.0,
        0.0,
        0.0,
        0.0,
        0.0,
        0.0,
        0.0
    ],
    "elec": [
        3788848580.717753,
        3749730226.9464417,
        3705862212.0151353,
        3660105805.3295245,
        3616565970.3354926,
        3572602401.8851147,
        3523884690.0554805,
        3478372160.1607122,
        3431008130.2729115,
        3381581929.5484157,
        3334397501.584663,
        3287690843.696937,
        3241661831.548604,
        3195411689.9664063,
        3141783622.035673,
        3093390943.5577865,
        3045993495.103972,
        2996115364.490447,
        2945835642.314322,
        2897321147.296116,
        2852818481.0672255,
        2799259807.5662985,
        2755276048.450163,
        2710251713.34796,
        2651292880.872553,
        2599509825.2747393,
        2551211984.800735,
        2499548425.7689934,
        2453582022.7552648,
        2396397423.5768514,
        2338958082.3767548,
        2286249838.56236,
        2233260624.681371,
        2177921100.5322084,
        2120217641.745065,
        2063295266.571735,
        2014766135.8242192,
        1954466995.8733294,
        1898099778.5010085,
        1845263927.9852388,
        1783158867.8649418,
        1723687288.4865026,
        1657924113.319399,
        1612478922.813455,
        1532056672.657296,
        1448412908.779942,
        1385055037.554668,
        1293327708.9441724,
        1204157263.6671715,
        1111389539.0665925,
        1007155848.1429638,
        886181450.1415216,
        773808962.5980124,
        656540721.2994027,
        528376051.19341725,
        409664181.90019387,
        289858656.73762655,
        191019526.45678845,
        113702744.91382429,
        57000580.45095527,
        25283594.410295703,
        7867271.155603391,
        1440824.571576215,
        0.0,
        0.0,
        0.0,
        0.0,
        0.0,
        0.0,
        0.0,
        0.0,
        0.0,
        0.0,
        0.0,
        0.0,
        0.0,
        0.0,
        0.0,
        0.0,
        0.0,
        0.0,
        0.0,
        0.0,
        0.0,
        0.0,
        0.0,
        0.0,
        0.0,
        0.0,
        0.0
    ]
}