{
    "sim_runs": 3,
    "xe_recoils": 379856,
    "xe_outside": 31373,
    "re-solved": 512,
    "mean": 170.66666666666666,
    "stdev": 3.511884584284246
}